District,Neighbourhood,Type,Localisation,Latitude,Longitude,Title,Price,Tags
Al Fida,,Appartements Casablanca,,,,,,[]
Al Fida,,Appartements Casablanca,,,,,,[]
Al Fida,,Locaux commerciaux Casablanca,,,,,,[]
Al Fida,,,,,,,,[]
Al Fida,,Appartements Casablanca,,,,,,[]
Al Fida,,Appartements Casablanca,,,,,,[]
Al Fida,,Appartements Casablanca,,,,,,[]
Al Fida,,Appartements Casablanca,,,,,,[]
Al Fida,,,,,,,,[]
Al Fida,,Maisons Casablanca,,,,,,[]
Al Fida,,Villas & maisons de luxe Casablanca,,,,,,[]
Al Fida,,Appartements Casablanca,,,,,,[]
Al Fida,,Bureaux Casablanca,,,,,,[]
Al Fida,,Villas & maisons de luxe Casablanca,,,,,,[]
Al Fida,,Villas & maisons de luxe Casablanca,,,,,,[]
Al Fida,,Appartements Casablanca,,,,,,[]
Al Fida,,Appartements Casablanca,,,,,,[]
Al Fida,,Locaux commerciaux Casablanca,,,,,,[]
Al Fida,,Bureaux Casablanca,,,,,,[]
Al Fida,,Appartements Casablanca,,,,,,[]
Al Fida,,Villas & maisons de luxe Casablanca,,,,,,[]
Al Fida,,Appartements Casablanca,,,,,,[]
Al Fida,,Appartements Casablanca,,,,,,[]
Al Fida,,Appartements Casablanca,,,,,,[]
Al Fida,,Appartements Casablanca,,,,,,[]
Al Fida,,Appartements Casablanca,,,,,,[]
Al Fida,,Locaux commerciaux Casablanca,,,,,,[]
Al Fida,,Villas & maisons de luxe Casablanca,,,,,,[]
Al Fida,,Appartements Casablanca,,,,,,[]
Al Fida,,Appartements Casablanca,,,,,,[]
Al Fida,,Appartements Casablanca,,,,,,[]
Al Fida,,Appartements Casablanca,,,,,,[]
Al Fida,,Appartements Casablanca,,,,,,[]
Al Fida,,,,,,Immobilier à vendre à Casablanca,,[]
Anfa,Ain Diab,Appartements Casablanca,,,,,,[]
Anfa,Ain Diab,Appartements Casablanca,,,,,,[]
Anfa,Ain Diab,Villas & maisons de luxe Casablanca,,,,,,[]
Anfa,Ain Diab,Appartements Casablanca,,,,,,[]
Anfa,Ain Diab,Appartements Casablanca,,,,,,[]
Anfa,Ain Diab,Appartements Casablanca,,,,,,[]
Anfa,Ain Diab,Terrains Casablanca,,,,,,[]
Anfa,Ain Diab,,,,,,,[]
Anfa,Ain Diab,Appartements Casablanca,,,,,,[]
Anfa,Ain Diab,Villas & maisons de luxe Casablanca,,,,,,[]
Anfa,Ain Diab,Villas & maisons de luxe Casablanca,,,,,,[]
Anfa,Ain Diab,Villas & maisons de luxe Casablanca,,,,,,[]
Anfa,Ain Diab,Villas & maisons de luxe Casablanca,,,,,,[]
Anfa,Ain Diab,Villas & maisons de luxe Casablanca,,,,,,[]
Anfa,Ain Diab,Appartements Casablanca,,,,,,[]
Anfa,Ain Diab,Villas & maisons de luxe Casablanca,,,,,,[]
Anfa,Ain Diab,Appartements Casablanca,,,,,,[]
Anfa,Ain Diab,Locaux commerciaux Casablanca,,,,,,[]
Anfa,Ain Diab,Appartements Casablanca,,,,,,[]
Anfa,Ain Diab,Appartements Casablanca,,,,,,[]
Anfa,Ain Diab,Appartements Casablanca,,,,,,[]
Anfa,Ain Diab,Villas & maisons de luxe Casablanca,,,,,,[]
Anfa,Ain Diab,Villas & maisons de luxe Casablanca,,,,,,[]
Anfa,Ain Diab,Terrains Casablanca,,,,,,[]
Anfa,Ain Diab,Terrains Casablanca,,,,,,[]
Anfa,Ain Diab,Villas & maisons de luxe Casablanca,,,,,,[]
Anfa,Ain Diab,Villas & maisons de luxe Casablanca,,,,,,[]
Anfa,Ain Diab,Villas & maisons de luxe Casablanca,,,,,,[]
Anfa,Ain Diab,Villas & maisons de luxe Casablanca,,,,,,[]
Anfa,Ain Diab,Appartements Casablanca,,,,,,[]
Anfa,Ain Diab,Villas & maisons de luxe Casablanca,,,,,,[]
Anfa,Ain Diab,Villas & maisons de luxe Casablanca,,,,,,[]
Anfa,Ain Diab,Villas & maisons de luxe Casablanca,,,,,,[]
Anfa,Ain Diab,,,,,"Immobilier à vendre - Ain Diab, Casablanca",,[]
Anfa,Ain Diab Extension,Villas & maisons de luxe Casablanca,,,,,,[]
Anfa,Ain Diab Extension,Appartements Casablanca,,,,,,[]
Anfa,Ain Diab Extension,Appartements Casablanca,,,,,,[]
Anfa,Ain Diab Extension,Appartements Casablanca,,,,,,[]
Anfa,Ain Diab Extension,Appartements Casablanca,,,,,,[]
Anfa,Ain Diab Extension,Villas & maisons de luxe Casablanca,,,,,,[]
Anfa,Ain Diab Extension,Villas & maisons de luxe Casablanca,,,,,,[]
Anfa,Ain Diab Extension,,,,,,,[]
Anfa,Ain Diab Extension,Terrains Casablanca,,,,,,[]
Anfa,Ain Diab Extension,Villas & maisons de luxe Casablanca,,,,,,[]
Anfa,Ain Diab Extension,Appartements Casablanca,,,,,,[]
Anfa,Ain Diab Extension,Appartements Casablanca,,,,,,[]
Anfa,Ain Diab Extension,Appartements Casablanca,,,,,,[]
Anfa,Ain Diab Extension,Appartements Casablanca,,,,,,[]
Anfa,Ain Diab Extension,Appartements Casablanca,,,,,,[]
Anfa,Ain Diab Extension,Appartements Casablanca,,,,,,[]
Anfa,Ain Diab Extension,Appartements Casablanca,,,,,,[]
Anfa,Ain Diab Extension,Villas & maisons de luxe Casablanca,,,,,,[]
Anfa,Ain Diab Extension,Villas & maisons de luxe Casablanca,,,,,,[]
Anfa,Ain Diab Extension,Appartements Casablanca,,,,,,[]
Anfa,Ain Diab Extension,Terrains Casablanca,,,,,,[]
Anfa,Ain Diab Extension,Appartements Casablanca,,,,,,[]
Anfa,Ain Diab Extension,Villas & maisons de luxe Casablanca,,,,,,[]
Anfa,Ain Diab Extension,Terrains Casablanca,,,,,,[]
Anfa,Ain Diab Extension,Terrains Casablanca,,,,,,[]
Anfa,Ain Diab Extension,Villas & maisons de luxe Casablanca,,,,,,[]
Anfa,Ain Diab Extension,Appartements Casablanca,,,,,,[]
Anfa,Ain Diab Extension,Villas & maisons de luxe Casablanca,,,,,,[]
Anfa,Ain Diab Extension,Villas & maisons de luxe Casablanca,,,,,,[]
Anfa,Ain Diab Extension,Bureaux Casablanca,,,,,,[]
Anfa,Ain Diab Extension,Appartements Casablanca,,,,,,[]
Anfa,Ain Diab Extension,Appartements Casablanca,,,,,,[]
Anfa,Ain Diab Extension,Appartements Casablanca,,,,,,[]
Anfa,Ain Diab Extension,,,,,"Immobilier à vendre - Ain Diab Extension, Casablanca",,[]
Anfa,Anfa,Villas & maisons de luxe Casablanca,,,,,,[]
Anfa,Anfa,Appartements Casablanca,,,,,,[]
Anfa,Anfa,Villas & maisons de luxe Casablanca,,,,,,[]
Anfa,Anfa,,,,,,,[]
Anfa,Anfa,Appartements Casablanca,,,,,,[]
Anfa,Anfa,Villas & maisons de luxe Casablanca,,,,,,[]
Anfa,Anfa,Villas & maisons de luxe Casablanca,,,,,,[]
Anfa,Anfa,Terrains Casablanca,,,,,,[]
Anfa,Anfa,,,,,,,[]
Anfa,Anfa,Villas & maisons de luxe Casablanca,,,,,,[]
Anfa,Anfa,Villas & maisons de luxe Casablanca,,,,,,[]
Anfa,Anfa,Villas & maisons de luxe Casablanca,,,,,,[]
Anfa,Anfa,Villas & maisons de luxe Casablanca,,,,,,[]
Anfa,Anfa,Villas & maisons de luxe Casablanca,,,,,,[]
Anfa,Anfa,Appartements Casablanca,,,,,,[]
Anfa,Anfa,Terrains Casablanca,,,,,,[]
Anfa,Anfa,Appartements Casablanca,,,,,,[]
Anfa,Anfa,Appartements Casablanca,,,,,,[]
Anfa,Anfa,Villas & maisons de luxe Casablanca,,,,,,[]
Anfa,Anfa,Appartements Casablanca,,,,,,[]
Anfa,Anfa,Terrains Casablanca,,,,,,[]
Anfa,Anfa,Terrains Casablanca,,,,,,[]
Anfa,Anfa,Terrains Casablanca,,,,,,[]
Anfa,Anfa,Appartements Casablanca,,,,,,[]
Anfa,Anfa,Appartements Casablanca,,,,,,[]
Anfa,Anfa,Appartements Casablanca,,,,,,[]
Anfa,Anfa,Appartements Casablanca,,,,,,[]
Anfa,Anfa,Villas & maisons de luxe Casablanca,,,,,,[]
Anfa,Anfa,Appartements Casablanca,,,,,,[]
Anfa,Anfa,Terrains Casablanca,,,,,,[]
Anfa,Anfa,Appartements Casablanca,,,,,,[]
Anfa,Anfa,Appartements Casablanca,,,,,,[]
Anfa,Anfa,Terrains Casablanca,,,,,,[]
Anfa,Anfa,,,,,"Immobilier à vendre - Anfa, Casablanca",,[]
Anfa,Anfa Supérieur,Villas & maisons de luxe Casablanca,,,,,,[]
Anfa,Anfa Supérieur,Villas & maisons de luxe Casablanca,,,,,,[]
Anfa,Anfa Supérieur,Villas & maisons de luxe Casablanca,,,,,,[]
Anfa,Anfa Supérieur,Appartements Casablanca,,,,,,[]
Anfa,Anfa Supérieur,Villas & maisons de luxe Casablanca,,,,,,[]
Anfa,Anfa Supérieur,Villas & maisons de luxe Casablanca,,,,,,[]
Anfa,Anfa Supérieur,Villas & maisons de luxe Casablanca,,,,,,[]
Anfa,Anfa Supérieur,,,,,,,[]
Anfa,Anfa Supérieur,Villas & maisons de luxe Casablanca,,,,,,[]
Anfa,Anfa Supérieur,Villas & maisons de luxe Casablanca,,,,,,[]
Anfa,Anfa Supérieur,Villas & maisons de luxe Casablanca,,,,,,[]
Anfa,Anfa Supérieur,Villas & maisons de luxe Casablanca,,,,,,[]
Anfa,Anfa Supérieur,Villas & maisons de luxe Casablanca,,,,,,[]
Anfa,Anfa Supérieur,Terrains Casablanca,,,,,,[]
Anfa,Anfa Supérieur,Villas & maisons de luxe Casablanca,,,,,,[]
Anfa,Anfa Supérieur,Villas & maisons de luxe Casablanca,,,,,,[]
Anfa,Anfa Supérieur,Villas & maisons de luxe Casablanca,,,,,,[]
Anfa,Anfa Supérieur,Terrains Casablanca,,,,,,[]
Anfa,Anfa Supérieur,Villas & maisons de luxe Casablanca,,,,,,[]
Anfa,Anfa Supérieur,Terrains Casablanca,,,,,,[]
Anfa,Anfa Supérieur,Villas & maisons de luxe Casablanca,,,,,,[]
Anfa,Anfa Supérieur,Villas & maisons de luxe Casablanca,,,,,,[]
Anfa,Anfa Supérieur,Villas & maisons de luxe Casablanca,,,,,,[]
Anfa,Anfa Supérieur,Villas & maisons de luxe Casablanca,,,,,,[]
Anfa,Anfa Supérieur,Bureaux Casablanca,,,,,,[]
Anfa,Anfa Supérieur,Villas & maisons de luxe Casablanca,,,,,,[]
Anfa,Anfa Supérieur,Villas & maisons de luxe Casablanca,,,,,,[]
Anfa,Anfa Supérieur,Villas & maisons de luxe Casablanca,,,,,,[]
Anfa,Anfa Supérieur,Villas & maisons de luxe Casablanca,,,,,,[]
Anfa,Anfa Supérieur,Villas & maisons de luxe Casablanca,,,,,,[]
Anfa,Anfa Supérieur,Villas & maisons de luxe Casablanca,,,,,,[]
Anfa,Anfa Supérieur,Locaux commerciaux Casablanca,,,,,,[]
Anfa,Anfa Supérieur,Villas & maisons de luxe Casablanca,,,,,,[]
Anfa,Anfa Supérieur,,,,,"Immobilier à vendre - Anfa Supérieur, Casablanca",,[]
Anfa,Bourgogne Ouest,Appartements Casablanca,,,,,,[]
Anfa,Bourgogne Ouest,Appartements Casablanca,,,,,,[]
Anfa,Bourgogne Ouest,Appartements Casablanca,,,,,,[]
Anfa,Bourgogne Ouest,Appartements Casablanca,,,,,,[]
Anfa,Bourgogne Ouest,Appartements Casablanca,,,,,,[]
Anfa,Bourgogne Ouest,Appartements Casablanca,,,,,,[]
Anfa,Bourgogne Ouest,Appartements Casablanca,,,,,,[]
Anfa,Bourgogne Ouest,,,,,,,[]
Anfa,Bourgogne Ouest,Appartements Casablanca,,,,,,[]
Anfa,Bourgogne Ouest,Appartements Casablanca,,,,,,[]
Anfa,Bourgogne Ouest,Appartements Casablanca,,,,,,[]
Anfa,Bourgogne Ouest,Bureaux Casablanca,,,,,,[]
Anfa,Bourgogne Ouest,Appartements Casablanca,,,,,,[]
Anfa,Bourgogne Ouest,Appartements Casablanca,,,,,,[]
Anfa,Bourgogne Ouest,Appartements Casablanca,,,,,,[]
Anfa,Bourgogne Ouest,Appartements Casablanca,,,,,,[]
Anfa,Bourgogne Ouest,Appartements Casablanca,,,,,,[]
Anfa,Bourgogne Ouest,,,,,,,[]
Anfa,Bourgogne Ouest,,,,,,,[]
Anfa,Bourgogne Ouest,,,,,,,[]
Anfa,Bourgogne Ouest,,,,,,,[]
Anfa,Bourgogne Ouest,,,,,,,[]
Anfa,Bourgogne Ouest,,,,,,,[]
Anfa,Bourgogne Ouest,,,,,,,[]
Anfa,Bourgogne Ouest,,,,,,,[]
Anfa,Bourgogne Ouest,,,,,,,[]
Anfa,Bourgogne Ouest,,,,,,,[]
Anfa,Bourgogne Ouest,,,,,,,[]
Anfa,Bourgogne Ouest,,,,,,,[]
Anfa,Bourgogne Ouest,,,,,,,[]
Anfa,Bourgogne Ouest,,,,,,,[]
Anfa,Bourgogne Ouest,,,,,,,[]
Anfa,Bourgogne Ouest,,,,,,,[]
Anfa,Bourgogne Ouest,,,,,"Immobilier à vendre - Bourgogne Ouest, Casablanca",,[]
Aïn Sebaâ,,,,,,,,[]
Aïn Sebaâ,,,,,,,,[]
Aïn Sebaâ,,,,,,,,[]
Aïn Sebaâ,,,,,,,,[]
Aïn Sebaâ,,,,,,,,[]
Aïn Sebaâ,,,,,,,,[]
Aïn Sebaâ,,,,,,,,[]
Aïn Sebaâ,,,,,,,,[]
Aïn Sebaâ,,,,,,,,[]
Aïn Sebaâ,,,,,,,,[]
Aïn Sebaâ,,,,,,,,[]
Aïn Sebaâ,,,,,,,,[]
Aïn Sebaâ,,,,,,,,[]
Aïn Sebaâ,,,,,,,,[]
Aïn Sebaâ,,,,,,,,[]
Aïn Sebaâ,,,,,,,,[]
Aïn Sebaâ,,,,,,,,[]
Aïn Sebaâ,,,,,,,,[]
Aïn Sebaâ,,,,,,,,[]
Aïn Sebaâ,,,,,,,,[]
Aïn Sebaâ,,,,,,,,[]
Aïn Sebaâ,,,,,,,,[]
Aïn Sebaâ,,,,,,,,[]
Aïn Sebaâ,,,,,,,,[]
Aïn Sebaâ,,,,,,,,[]
Aïn Sebaâ,,,,,,,,[]
Aïn Sebaâ,,,,,,,,[]
Aïn Sebaâ,,,,,,,,[]
Aïn Sebaâ,,,,,,,,[]
Aïn Sebaâ,,,,,,,,[]
Aïn Sebaâ,,,,,,,,[]
Aïn Sebaâ,,,,,,,,[]
Aïn Sebaâ,,,,,,,,[]
Aïn Sebaâ,,,,,,Immobilier à vendre à Casablanca,,[]
Ben M'sick,,,,,,,,[]
Ben M'sick,,,,,,,,[]
Ben M'sick,,,,,,,,[]
Ben M'sick,,,,,,,,[]
Ben M'sick,,,,,,,,[]
Ben M'sick,,,,,,,,[]
Ben M'sick,,,,,,,,[]
Ben M'sick,,,,,,,,[]
Ben M'sick,,,,,,,,[]
Ben M'sick,,,,,,,,[]
Ben M'sick,,,,,,,,[]
Ben M'sick,,,,,,,,[]
Ben M'sick,,,,,,,,[]
Ben M'sick,,,,,,,,[]
Ben M'sick,,,,,,,,[]
Ben M'sick,,,,,,,,[]
Ben M'sick,,,,,,,,[]
Ben M'sick,,,,,,,,[]
Ben M'sick,,,,,,,,[]
Ben M'sick,,,,,,,,[]
Ben M'sick,,,,,,,,[]
Ben M'sick,,,,,,,,[]
Ben M'sick,,,,,,,,[]
Ben M'sick,,,,,,,,[]
Ben M'sick,,,,,,,,[]
Ben M'sick,,,,,,,,[]
Ben M'sick,,,,,,,,[]
Ben M'sick,,,,,,,,[]
Ben M'sick,,,,,,,,[]
Ben M'sick,,,,,,,,[]
Ben M'sick,,,,,,,,[]
Ben M'sick,,,,,,,,[]
Ben M'sick,,,,,,,,[]
Ben M'sick,,,,,,Immobilier à vendre à Casablanca,,[]
Bernoussi,,,,,,,,[]
Bernoussi,,,,,,,,[]
Bernoussi,,,,,,,,[]
Bernoussi,,,,,,,,[]
Bernoussi,,,,,,,,[]
Bernoussi,,,,,,,,[]
Bernoussi,,,,,,,,[]
Bernoussi,,,,,,,,[]
Bernoussi,,,,,,,,[]
Bernoussi,,,,,,,,[]
Bernoussi,,,,,,,,[]
Bernoussi,,,,,,,,[]
Bernoussi,,,,,,,,[]
Bernoussi,,,,,,,,[]
Bernoussi,,,,,,,,[]
Bernoussi,,,,,,,,[]
Bernoussi,,,,,,,,[]
Bernoussi,,,,,,,,[]
Bernoussi,,,,,,,,[]
Bernoussi,,,,,,,,[]
Bernoussi,,,,,,,,[]
Bernoussi,,,,,,,,[]
Bernoussi,,,,,,,,[]
Bernoussi,,,,,,,,[]
Bernoussi,,,,,,,,[]
Bernoussi,,,,,,,,[]
Bernoussi,,,,,,,,[]
Bernoussi,,,,,,,,[]
Bernoussi,,,,,,,,[]
Bernoussi,,,,,,,,[]
Bernoussi,,,,,,,,[]
Bernoussi,,,,,,,,[]
Bernoussi,,,,,,,,[]
Bernoussi,,,,,,Immobilier à vendre à Casablanca,,[]
Hay Mohammadi,,,,,,,,[]
Hay Mohammadi,,,,,,,,[]
Hay Mohammadi,,,,,,,,[]
Hay Mohammadi,,,,,,,,[]
Hay Mohammadi,,,,,,,,[]
Hay Mohammadi,,,,,,,,[]
Hay Mohammadi,,,,,,,,[]
Hay Mohammadi,,,,,,,,[]
Hay Mohammadi,,,,,,,,[]
Hay Mohammadi,,,,,,,,[]
Hay Mohammadi,,,,,,,,[]
Hay Mohammadi,,,,,,,,[]
Hay Mohammadi,,,,,,,,[]
Hay Mohammadi,,,,,,,,[]
Hay Mohammadi,,,,,,,,[]
Hay Mohammadi,,,,,,,,[]
Hay Mohammadi,,,,,,,,[]
Hay Mohammadi,,,,,,,,[]
Hay Mohammadi,,,,,,,,[]
Hay Mohammadi,,,,,,,,[]
Hay Mohammadi,,,,,,,,[]
Hay Mohammadi,,,,,,,,[]
Hay Mohammadi,,,,,,,,[]
Hay Mohammadi,,,,,,,,[]
Hay Mohammadi,,,,,,,,[]
Hay Mohammadi,,,,,,,,[]
Hay Mohammadi,,,,,,,,[]
Hay Mohammadi,,,,,,,,[]
Hay Mohammadi,,,,,,,,[]
Hay Mohammadi,,,,,,,,[]
Hay Mohammadi,,,,,,,,[]
Hay Mohammadi,,,,,,,,[]
Hay Mohammadi,,,,,,,,[]
Hay Mohammadi,,,,,,Immobilier à vendre à Casablanca,,[]
